city,state
Alice,TX
Ames,TX
Anahuac,TX
Aqua Dulce,TX
Aransas Pass,TX
Arp,TX
Atlanta,TX
Austin,TX
Avinger,TX
Banquete,TX
Bastrop,TX
Beaumont,TX
Beauxart Gardens,TX
Beckville,TX
Beeville,TX
Bevil Oaks,TX
Big Sandy,TX
Bivins,TX
Bishop,TX
Blessing,TX
Bloomburg,TX
Bloomington,TX
Bridge City,TX
Bruni,TX
Buda,TX
Bullard,TX
Buna,TX
Campbellton,TX
Carthage,TX
Cason,TX
Cedar Creek,TX
Cheek,TX
China,TX
Cibolo,TX
Clarksville City,TX
Cleveland,TX
Colmesneil,TX
Converse,TX
Cooksville,TX
Corrigan,TX
Crockett,TX
Daingerfield,TX
Dayton,TX
DeBerry,TX
DeKalb,TX
Del Valle,TX
D'Hanis,TX
Diana,TX
Diboll,TX
Dodge,TX
Douglassville,TX
Driscoll,TX
Eagle Lake,TX
East Mountain,TX
Eastham,TX
Edgewood,TX
Edna,TX
Edroy,TX
El Campo,TX
Elgin,TX
Elkhart,TX
Ellis - Ferguson,TX
Elysian Fields,TX
Evadale,TX
Falls City,TX
Floresville,TX
Freer,TX
Fruitvale,TX
Ganado,TX
Garden Ridge,TX
Giddings,TX
Gilmer,TX
Gladewater,TX
Goliad,TX
Goodrich,TX
Grand Saline,TX
Grapeland,TX
Gregory,TX
Gresham,TX
Groveton,TX
Hallettsville,TX
Hallsville,TX
Harleton,TX
Hawkins,TX
Hebbronville,TX
Henderson,TX
Hondo,TX
Hooks,TX
Hudson,TX
Hughes Springs,TX
Huntsville,TX
Inez,TX
Ingleside,TX
Ingleside on the Bay,TX
Jacksonville,TX
Jasper,TX
Jefferson,TX
Jonesville,TX
Jourdanton,TX
Karnack,TX
Karnes City,TX
Kenedy,TX
Kilgore,TX
Kingsville,TX
Kirbyville,TX
Kyle,TX
La Grange,TX
LaCoste,TX
Laird Hill,TX
Laredo,TX
Latexo,TX
Leary,TX
Leggett,TX
Lessburg,TX
Liberty,TX
Lindale,TX
Linden,TX
Livingston,TX
Lolita,TX
Lone Star,TX
Longview,TX
Louise,TX
Lovelady,TX
Lufkin,TX
Lumberton,TX
Marion,TX
Marshall,TX
Mathis,TX
Maud,TX
Mauriceville,TX
McQueeney,TX
McLeod,TX
Millers Cove,TX
Mineola,TX
Mirando City,TX
Mt Pleasant,TX
Mt Vernon,TX
Nacogdoches,TX
Naples,TX
Nash,TX
Neches,TX
Nederland,TX
New Boston,TX
New Braunfels,TX
New London,TX
New Willard,TX
Niederwald,TX
Nordheim,TX
North Cleveland,TX
Nottingham Woods,TX
Odem,TX
Oilton,TX
Omaha,TX
Orange,TX
Orange Grove,TX
Ore City,TX
Overton,TX
Palacios,TX
Pettus,TX
Pine Forest,TX
Pinehurst,TX
Pittsburg,TX
Placedo,TX
Pleasanton,TX
Point Comfort,TX
Port Lavaca,TX
Portland,TX
Poteet,TX
Poth,TX
Premont,TX
Price,TX
Pritchett,TX
Queen City,TX
Rayburn Hills,TX
Red Lick,TX
Redwater,TX
Refugio,TX
Riverside,TX
Rose City,TX
Rose Hill Acres,TX
Runge,TX
Rusk,TX
San Augustine,TX
San Diego,TX
San Marcos,TX
Saratoga,TX
Schertz,TX
Schulenberg,TX
Scottsville,TX
Seadrift,TX
Seguin,TX
Selma,TX
Shepherd,TX
Silsbee,TX
Sinton,TX
Skidmore,TX
Slocum,TX
Smithville,TX
Sour Lake,TX
Splendora (schools only),TX
Stowell,TX
Swan,TX
Taft,TX
Talco,TX
Tatum,TX
Tennessee Colony,TX
Tenaha,TX
Texarkana,TX
Timpson,TX
Trinity,TX
Troup,TX
Tuleta,TX
Turnertown,TX
Tyler,TX
Uncertain,TX
Union Grove,TX
Universal City,TX
Van,TX
Vanderbilt,TX
Victoria,TX
Victoria Gardens,TX
Vidor,TX
Wake Village,TX
Warren City,TX
Waskom,TX
Weimar,TX
Weldon,TX
West Orange,TX
White Oak,TX
Whitehouse (environs),TX
Wills Point,TX
Winfield,TX
Winnie,TX
Winnsboro,TX
Yorktown,TX
Alvin,TX
Angleton,TX
Baytown,TX
Beach City,TX
Beasley,TX
Bellaire,TX
Brookshire,TX
Brookside Village,TX
Bunker Hill Village,TX
Clear Lake Shores,TX
Clute,TX
Conroe,TX
Cut and Shoot,TX
Danbury,TX
Deer Park,TX
Dickinson,TX
East Bernard,TX
El Lago,TX
Freeport,TX
Friendswood,TX
Galena Park,TX
Hedwig Village,TX
Hillcrest Village,TX
Hilshire Village,TX
Hitchcock,TX
Houston,TX
Humble,TX
Hunters Creek Village,TX
Jacinto City,TX
Jersey Village,TX
Jones Creek,TX
Katy,TX
Kemah,TX
Kendleton,TX
La Marque,TX
La Porte,TX
Lake Jackson,TX
League City,TX
Liverpool,TX
Manvel,TX
Meadows Place,TX
Missouri City,TX
Mont Belvieu,TX
Morgan's Point,TX
Nassau Bay,TX
Needville,TX
New Waverly,TX
Oak Ridge North,TX
Orchard,TX
Oyster Creek,TX
Panorama Village,TX
Pasadena,TX
Pearland,TX
Piney Point Village,TX
Pleak,TX
Richmond,TX
Richwood,TX
Roman Forest,TX
Rosenberg,TX
Santa Fe,TX
Seabrook,TX
Shenandoah,TX
Shoreacres,TX
South Houston,TX
Southside Place,TX
Spring Valley,TX
Stafford,TX
Sugar Land,TX
Taylor Lake Village,TX
Texas City,TX
Wallis,TX
Webster,TX
West Columbia,TX
West University Place,TX
Wharton,TX
Willis,TX
